personLabel,categoryLabel,year,age
Луиза Глюк,Нобелевская премия по литературе,2020,77
Кайлаш Сатьяртхи,Нобелевская премия мира,2014,60
Хосе Эчегерай-и-Эйсагирре,Нобелевская премия по литературе,1904,72
Карл Ялмар Брантинг,Нобелевская премия мира,1921,61
Дерек Уолкотт,Нобелевская премия по литературе,1992,62
Лю Сяобо,Нобелевская премия мира,2010,55
Аун Сан Су Чжи,Нобелевская премия мира,1991,46
Герман Гессе,Нобелевская премия по литературе,1946,69
Барак Обама,Нобелевская премия мира,2009,48
Франс Эмиль Силланпяя,Нобелевская премия по литературе,1939,51
Абий Ахмед Али,Нобелевская премия мира,2019,43
Карл фон Осецкий,Нобелевская премия мира,1935,46
Абдулразак Гурна,Нобелевская премия по литературе,2021,73
Синклер Льюис,Нобелевская премия по литературе,1930,45
Элис Манро,Нобелевская премия по литературе,2013,82
Анни Эрно,Нобелевская премия по литературе,2022,82
Жозе Сарамаго,Нобелевская премия по литературе,1998,76
Камило Хосе Села,Нобелевская премия по литературе,1989,73
Мария Корина Мачадо,Нобелевская премия мира,2025,58
Мухаммад Юнус,Нобелевская премия мира,2006,66
Десмонд Туту,Нобелевская премия мира,1984,53
Людвиг Квидде,Нобелевская премия мира,1927,69
Редьярд Киплинг,Нобелевская премия по литературе,1907,42
Хуан Рамон Хименес,Нобелевская премия по литературе,1956,75
Эйвинд Юнсон,Нобелевская премия по литературе,1974,74
Элен Джонсон-Серлиф,Нобелевская премия мира,2011,73
Клод Симон,Нобелевская премия по литературе,1985,72
Анвар Садат,Нобелевская премия мира,1978,60
Одисеас Элитис,Нобелевская премия по литературе,1979,68
Бертран Рассел,Нобелевская премия по литературе,1950,78
Светлана Александровна Алексиевич,Нобелевская премия по литературе,2015,67
Вангари Маатаи,Нобелевская премия мира,2004,64
Джон Стейнбек,Нобелевская премия по литературе,1962,60
Мартин Лютер Кинг,Нобелевская премия мира,1964,35
Мария Ресса,Нобелевская премия мира,2021,58
Джордж Бернард Шоу,Нобелевская премия по литературе,1925,69
Фритьоф Нансен,Нобелевская премия мира,1922,61
Т. С. Элиот,Нобелевская премия по литературе,1948,60
Герта Мюллер,Нобелевская премия по литературе,2009,56
Теодор Моммзен,Нобелевская премия по литературе,1902,85
Нельсон Мандела,Нобелевская премия мира,1993,75
Роже Мартен дю Гар,Нобелевская премия по литературе,1937,56
Йоргос Сеферис,Нобелевская премия по литературе,1963,63
Ярослав Сейферт,Нобелевская премия по литературе,1984,83
Томас Манн,Нобелевская премия по литературе,1929,54
Орхан Памук,Нобелевская премия по литературе,2006,54
Уильям Фолкнер,Нобелевская премия по литературе,1949,52
Сэмюэл Беккет,Нобелевская премия по литературе,1969,63
Йоханнес Вильхельм Йенсен,Нобелевская премия по литературе,1944,71
Андрей Дмитриевич Сахаров,Нобелевская премия мира,1975,54
Эрнест Хемингуэй,Нобелевская премия по литературе,1954,55
Карл Адольф Гьеллеруп,Нобелевская премия по литературе,1917,60
Хуан Мануэль Сантос,Нобелевская премия мира,2016,65
Оскар Ариас Санчес,Нобелевская премия мира,1987,46
Висенте Алейсандре,Нобелевская премия по литературе,1977,79
Эрик Аксель Карлфельдт,Нобелевская премия по литературе,1931,67
Кадзуо Исигуро,Нобелевская премия по литературе,2017,63
Карл Шпиттелер,Нобелевская премия по литературе,1919,74
Шмуэль Йосеф Агнон,Нобелевская премия по литературе,1966,79
Хенрик Понтоппидан,Нобелевская премия по литературе,1917,60
Александр Исаевич Солженицын,Нобелевская премия по литературе,1970,52
Патрик Модиано,Нобелевская премия по литературе,2014,69
Наргиз Мохаммади,Нобелевская премия мира,2023,51
Ольга Токарчук,Нобелевская премия по литературе,2018,56
Шимон Перес,Нобелевская премия мира,1994,71
Боб Дилан,Нобелевская премия по литературе,2016,75
Генри Киссинджер,Нобелевская премия мира,1973,50
Ким Дэ Чжун,Нобелевская премия мира,2000,76
Гао Синцзянь,Нобелевская премия по литературе,2000,60
Луиджи Пиранделло,Нобелевская премия по литературе,1934,67
Альбер Камю,Нобелевская премия по литературе,1957,44
Пабло Неруда,Нобелевская премия по литературе,1971,67
Альфред Герман Фрид,Нобелевская премия мира,1911,47
Лайнус Карл Полинг,Нобелевская премия мира,1962,61
Альберт Швейцер,Нобелевская премия мира,1952,77
Лех Валенса,Нобелевская премия мира,1983,40
Карл Густав Вернер фон Хейденстам,Нобелевская премия по литературе,1916,57
Патрик Уайт,Нобелевская премия по литературе,1973,61
Сен-Жон Перс,Нобелевская премия по литературе,1960,73
Харри Мартинсон,Нобелевская премия по литературе,1974,70
Владислав Реймонт,Нобелевская премия по литературе,1924,57
Джон Мартинис,Нобелевская премия по физике,2025,67
Йоханнес Георг Беднорц,Нобелевская премия по физике,1987,37
Поль Дирак,Нобелевская премия по физике,1933,31
Йоханнес Ханс Даниель Йенсен,Нобелевская премия по физике,1963,56
Вильгельм Вин,Нобелевская премия по физике,1911,47
Густав Людвиг Герц,Нобелевская премия по физике,1925,38
Джеймс Франк,Нобелевская премия по физике,1925,43
Карл Фердинанд Браун,Нобелевская премия по физике,1909,59
Макс фон Лауэ,Нобелевская премия по физике,1914,35
Филипп Эдуард Антон фон Ленард,Нобелевская премия по физике,1905,43
Нильс Бор,Нобелевская премия по физике,1922,37
Дональд Артур Глазер,Нобелевская премия по физике,1960,34
Дейвид Моррис Ли,Нобелевская премия по физике,1996,65
Джон Хопфилд,Нобелевская премия по физике,2024,91
Рудольф Людвиг Мёссбауэр,Нобелевская премия по физике,1961,32
Герд Карл Бинниг,Нобелевская премия по физике,1986,39
Абдус Салам,Нобелевская премия по физике,1979,53
Леон Купер,Нобелевская премия по физике,1972,42
Альфред Кастлер,Нобелевская премия по физике,1966,64
Эрнст Август Руска,Нобелевская премия по физике,1986,80
Пьер Кюри,Нобелевская премия по физике,1903,44
Сюдзи Накамура,Нобелевская премия по физике,2014,60
Донна Стрикленд,Нобелевская премия по физике,2018,59
Рой Глаубер,Нобелевская премия по физике,2005,80
Карл Виман,Нобелевская премия по физике,2001,50
Джордж Элвуд Смит,Нобелевская премия по физике,2009,79
Артур Брюс Макдональд,Нобелевская премия по физике,2015,72
Ференц Краус,Нобелевская премия по физике,2023,61
Вал Логсдон Фитч,Нобелевская премия по физике,1980,57
Вольфганг Кеттерле,Нобелевская премия по физике,2001,44
Сюкуро Манабэ,Нобелевская премия по физике,2021,90
Кип Торн,Нобелевская премия по физике,2017,77
Дэвид Гросс,Нобелевская премия по физике,2004,63
Энрико Ферми,Нобелевская премия по физике,1938,37
Дейвид Уайнленд,Нобелевская премия по физике,2012,68
Антон Цайлингер,Нобелевская премия по физике,2022,77
Артур Ашкин,Нобелевская премия по физике,2018,96
Мишель Деворе,Нобелевская премия по физике,2025,72
Макс Планк,Нобелевская премия по физике,1918,60
Альберт Эйнштейн,Нобелевская премия по физике,1921,42
Ален Аспе,Нобелевская премия по физике,2022,75
Гульельмо Маркони,Нобелевская премия по физике,1909,35
Джон Холл,Нобелевская премия по физике,2005,71
Виктор Франц Гесс,Нобелевская премия по физике,1936,53
Джеймс Чедвик,Нобелевская премия по физике,1935,44
Джозеф Джон Томсон,Нобелевская премия по физике,1906,50
Андреа Гез,Нобелевская премия по физике,2020,55
Луи де Бройль,Нобелевская премия по физике,1929,37
Клаус фон Клитцинг,Нобелевская премия по физике,1985,42
Джим Пиблс,Нобелевская премия по физике,2019,84
Чандрасекхара Венката Раман,Нобелевская премия по физике,1930,42
Ханс Джордж Демелт,Нобелевская премия по физике,1989,67
Вольфганг Паули,Нобелевская премия по физике,1945,45
Павел Алексеевич Черенков,Нобелевская премия по физике,1958,54
Джон Уильям Стретт Рэлей,Нобелевская премия по физике,1904,62
Вернер Гейзенберг,Нобелевская премия по физике,1932,31
Эрвин Шрёдингер,Нобелевская премия по физике,1933,46
Антуан Анри Беккерель,Нобелевская премия по физике,1903,51
Александр Михайлович Прохоров,Нобелевская премия по физике,1964,48
Николай Геннадиевич Басов,Нобелевская премия по физике,1964,42
Ханнес Альфвен,Нобелевская премия по физике,1970,62
Йоханнес Штарк,Нобелевская премия по физике,1919,45
Мария Гёпперт-Майер,Нобелевская премия по физике,1963,57
Петер Грюнберг,Нобелевская премия по физике,2007,68
Джеффри Хинтон,Нобелевская премия по физике,2024,77
Брайан Шмидт,Нобелевская премия по физике,2011,44
Макото Кобаяси,Нобелевская премия по физике,2008,64
Макс Борн,Нобелевская премия по физике,1954,72
Джон Бардин,Нобелевская премия по физике,1956,48
Джон Бардин,Нобелевская премия по физике,1972,64
Ричард Филлипс Фейнман,Нобелевская премия по физике,1965,47
Хендрик Антон Лоренц,Нобелевская премия по физике,1902,49
Клиффорд Шалл,Нобелевская премия по физике,1994,79
Ричард Эдвард Тейлор,Нобелевская премия по физике,1990,61
Эрик Аллин Корнелл,Нобелевская премия по физике,2001,40
Мария Склодовская-Кюри,Нобелевская премия по физике,1903,36
Питер Зееман,Нобелевская премия по физике,1902,37
Жерар Муру,Нобелевская премия по физике,2018,74
Вольфганг Пауль,Нобелевская премия по физике,1989,76
Джон Кокрофт,Нобелевская премия по физике,1951,54
Хейке Камерлинг-Оннес,Нобелевская премия по физике,1913,60
Вальтер Боте,Нобелевская премия по физике,1954,63
Дуглас Ошеров,Нобелевская премия по физике,1996,51
Анн Л’Юилье,Нобелевская премия по физике,2023,65
Пьер Агостини,Нобелевская премия по физике,2023,82
Вильгельм Рентген,Нобелевская премия по физике,1901,56
Уиллард Бойл,Нобелевская премия по физике,2009,85
Даниел Цуи,Нобелевская премия по физике,1998,59
Мартинус Велтман,Нобелевская премия по физике,1999,68
Тосихидэ Масукава,Нобелевская премия по физике,2008,68
Райнхард Генцель,Нобелевская премия по физике,2020,68
Отто Штерн,Нобелевская премия по физике,1943,55
Роджер Пенроуз,Нобелевская премия по физике,2020,89
Дэвид Таулесс,Нобелевская премия по физике,2016,82
Райнер Вайс,Нобелевская премия по физике,2017,85
Герберт Крёмер,Нобелевская премия по физике,2000,72
Теодор Хенш,Нобелевская премия по физике,2005,64
Хорст Штёрмер,Нобелевская премия по физике,1998,49
Уильям Алфред Фаулер,Нобелевская премия по физике,1983,72
Клинтон Джозеф Дэвиссон,Нобелевская премия по физике,1937,56
Арно Аллан Пензиас,Нобелевская премия по физике,1978,45
Уильям Лоренс Брэгг,Нобелевская премия по физике,1915,25
Ян Дидерик Ван-дер-Ваальс,Нобелевская премия по физике,1910,73
Джордж Смут,Нобелевская премия по физике,2006,61
Джон Клаузер,Нобелевская премия по физике,2022,80
Субраманьян Чандрасекар,Нобелевская премия по физике,1983,73
Эмилио Джино Сегре,Нобелевская премия по физике,1959,54
Карл Манне Георг Сигбан,Нобелевская премия по физике,1924,38
Альбер Ферт,Нобелевская премия по физике,2007,69
Джек Стейнбергер,Нобелевская премия по физике,1988,67
Джон Роберт Шриффер,Нобелевская премия по физике,1972,41
Эдуард Виктор Эплтон,Нобелевская премия по физике,1947,55
Жан Батист Перрен,Нобелевская премия по физике,1926,56
Исаму Акасаки,Нобелевская премия по физике,2014,85
Уиллис Лэмб,Нобелевская премия по физике,1955,42
Роберт Лафлин,Нобелевская премия по физике,1998,48
Клод Коэн-Таннуджи,Нобелевская премия по физике,1997,64
Лео Эсаки,Нобелевская премия по физике,1973,48
Джордж Паджет Томсон,Нобелевская премия по физике,1937,45
Барри Бэриш,Нобелевская премия по физике,2017,81
Луис Альварес,Нобелевская премия по физике,1968,57
Чарльз Као,Нобелевская премия по физике,2009,76
Джон Хазбрук Ван Флек,Нобелевская премия по физике,1977,78
Эрнест Орландо Лоуренс,Нобелевская премия по физике,1939,38
Перси Бриджмен,Нобелевская премия по физике,1946,64
Бертон Рихтер,Нобелевская премия по физике,1976,45
Питер Хиггс,Нобелевская премия по физике,2013,84
Денеш Габор,Нобелевская премия по физике,1971,71
Ханс Бете,Нобелевская премия по физике,1967,61
Юджин Вигнер,Нобелевская премия по физике,1963,61
Чарлз Томсон Рис Вильсон,Нобелевская премия по физике,1927,58
Жорес Иванович Алфёров,Нобелевская премия по физике,2000,70
Эдвард Миллс Парселл,Нобелевская премия по физике,1952,40
Уильям Филлипс,Нобелевская премия по физике,1997,49
Уильям Генри Брэгг,Нобелевская премия по физике,1915,53
Артур Леонард Шавлов,Нобелевская премия по физике,1981,60
Генри Уэй Кендалл,Нобелевская премия по физике,1990,64
Джон Костерлиц,Нобелевская премия по физике,2016,73
Мелвин Шварц,Нобелевская премия по физике,1988,56
Николас Бломберген,Нобелевская премия по физике,1981,61
Энтони Хьюиш,Нобелевская премия по физике,1974,50
Алексей Алексеевич Абрикосов,Нобелевская премия по физике,2003,75
Йоитиро Намбу,Нобелевская премия по физике,2008,87
Айвор Джайевер,Нобелевская премия по физике,1973,44
Бертрам Брокхауз,Нобелевская премия по физике,1994,76
Джозеф Хотон Тейлор,Нобелевская премия по физике,1993,52
Кай Манне Бёрье Сигбан,Нобелевская премия по физике,1981,63
Леон Макс Ледерман,Нобелевская премия по физике,1988,66
Сесил Фрэнк Пауэлл,Нобелевская премия по физике,1950,47
Роберт Колман Ричардсон,Нобелевская премия по физике,1996,59
Сэмюэл Тинг,Нобелевская премия по физике,1976,40
"Франк, Илья Михайлович",Нобелевская премия по физике,1958,50
Энтони Джеймс Леггетт,Нобелевская премия по физике,2003,65
Кеннет Вильсон,Нобелевская премия по физике,1982,46
Джером Айзек Фридман,Нобелевская премия по физике,1990,60
Патрик Мейнард Стюарт Блэкетт,Нобелевская премия по физике,1948,51
Стивен Чу,Нобелевская премия по физике,1997,49
Герард ’т Хоофт,Нобелевская премия по физике,1999,53
Брайан Дэвид Джозефсон,Нобелевская премия по физике,1973,33
Поликарп Куш,Нобелевская премия по физике,1955,44
Синъитиро Томонага,Нобелевская премия по физике,1965,59
Уолтер Хаузер Браттейн,Нобелевская премия по физике,1956,54
Чарлз Хард Таунс,Нобелевская премия по физике,1964,49
Янг Чжэньнин,Нобелевская премия по физике,1957,35
Фредерик Райнес,Нобелевская премия по физике,1995,77
Джулиан Швингер,Нобелевская премия по физике,1965,47
Риккардо Джаккони,Нобелевская премия по физике,2002,71
Лев Давидович Ландау,Нобелевская премия по физике,1962,54
Марри Гелл-Манн,Нобелевская премия по физике,1969,40
Пётр Леонидович Капица,Нобелевская премия по физике,1978,84
Исидор Айзек Раби,Нобелевская премия по физике,1944,46
Раймонд Дэвис,Нобелевская премия по физике,2002,88
Карл Дейвид Андерсон,Нобелевская премия по физике,1936,31
Оуэн Ричардсон,Нобелевская премия по физике,1928,49
Габриель Липман,Нобелевская премия по физике,1908,63
Уильям Брэдфорд Шокли,Нобелевская премия по физике,1956,46
Нильс Густав Дален,Нобелевская премия по физике,1912,43
Чарлз Гловер Баркла,Нобелевская премия по физике,1917,40
Джек Килби,Нобелевская премия по физике,2000,77
Джеймс Уотсон Кронин,Нобелевская премия по физике,1980,49
Роберт Вудро Вильсон,Нобелевская премия по физике,1978,42
Рассел Алан Халс,Нобелевская премия по физике,1993,43
Стивен Вайнберг,Нобелевская премия по физике,1979,46
Игорь Евгеньевич Тамм,Нобелевская премия по физике,1958,63
Луи Эжен Феликс Неэль,Нобелевская премия по физике,1970,66
Масатоси Косиба,Нобелевская премия по физике,2002,76
Хидэки Юкава,Нобелевская премия по физике,1949,42
Жорж Шарпак,Нобелевская премия по физике,1992,68
Ли Чжэндао,Нобелевская премия по физике,1957,31
Оуэн Чемберлен,Нобелевская премия по физике,1959,39
Эрнест Томас Синтон Уолтон,Нобелевская премия по физике,1951,48
Карло Руббиа,Нобелевская премия по физике,1984,50
Пьер Жиль де Жен,Нобелевская премия по физике,1991,59
Лео Джеймс Рейнуотер,Нобелевская премия по физике,1975,58
Мартин Райл,Нобелевская премия по физике,1974,56
Филип Уоррен Андерсон,Нобелевская премия по физике,1977,54
Франсуа Энглер,Нобелевская премия по физике,2013,81
Фриц Цернике,Нобелевская премия по физике,1953,65
Невилл Фрэнсис Мотт,Нобелевская премия по физике,1977,72
Кэнъити Фукуи,Нобелевская премия по химии,1981,63
Томас Роберт Чек,Нобелевская премия по химии,1989,42
Фрэнсис Уильям Астон,Нобелевская премия по химии,1922,45
Роберт Брюс Меррифилд,Нобелевская премия по химии,1984,63
Уильям Мёрнер,Нобелевская премия по химии,2014,61
Эмманюэль Шарпантье,Нобелевская премия по химии,2020,52
Ларс Онсагер,Нобелевская премия по химии,1968,65
Томас Линдал,Нобелевская премия по химии,2015,77
Элайас Джеймс Кори,Нобелевская премия по химии,1990,62
Уильям Фрэнсис Джиок,Нобелевская премия по химии,1949,54
Джон Уоркап Корнфорт,Нобелевская премия по химии,1975,58
Дональд Джеймс Крам,Нобелевская премия по химии,1987,68
Пауль Крутцен,Нобелевская премия по химии,1995,62
Петер Йозеф Вильгельм Дебай,Нобелевская премия по химии,1936,52
Герберт Чарлз Браун,Нобелевская премия по химии,1979,67
Пол Бойер,Нобелевская премия по химии,1997,79
Ив Шовен,Нобелевская премия по химии,2005,75
Ричард Шрок,Нобелевская премия по химии,2005,60
Роберт Граббс,Нобелевская премия по химии,2005,63
Енс Кристиан Скоу,Нобелевская премия по химии,1997,79
Родерик Маккинон,Нобелевская премия по химии,2003,47
Альфред Вернер,Нобелевская премия по химии,1913,47
Теодор Сведберг,Нобелевская премия по химии,1926,42
Азиз Санджар,Нобелевская премия по химии,2015,69
Эрик Бетциг,Нобелевская премия по химии,2014,54
Ярослав Гейровский,Нобелевская премия по химии,1959,69
Теодор Уильям Ричардс,Нобелевская премия по химии,1914,46
Томас Стейц,Нобелевская премия по химии,2009,69
Александер Робертус Тодд,Нобелевская премия по химии,1957,50
Арттури Илмари Виртанен,Нобелевская премия по химии,1945,50
Алан Хигер,Нобелевская премия по химии,2000,64
Джеймс Батчеллер Самнер,Нобелевская премия по химии,1946,59
Джордж Портер,Нобелевская премия по химии,1967,47
Ричард Смолли,Нобелевская премия по химии,1996,53
Кэри Муллис,Нобелевская премия по химии,1993,49
Питер Деннис Митчелл,Нобелевская премия по химии,1978,58
Одд Хассель,Нобелевская премия по химии,1969,72
Рёдзи Ноёри,Нобелевская премия по химии,2001,63
Уолтер Норман Хоуорс,Нобелевская премия по химии,1937,54
Харольд Крото,Нобелевская премия по химии,1996,57
Курт Вютрих,Нобелевская премия по химии,2002,64
Уолтер Гилберт,Нобелевская премия по химии,1980,48
Станфорд Мур,Нобелевская премия по химии,1972,59
Уильям Ноулз,Нобелевская премия по химии,2001,84
Фредерик Сенгер,Нобелевская премия по химии,1958,40
Фредерик Сенгер,Нобелевская премия по химии,1980,62
Мунги Бавенди,Нобелевская премия по химии,2023,62
Луис Брюс,Нобелевская премия по химии,2023,80
Пол Джон Флори,Нобелевская премия по химии,1974,64
Леопольд Ружичка,Нобелевская премия по химии,1939,52
Жан-Мари Лен,Нобелевская премия по химии,1987,48
Фредерик Содди,Нобелевская премия по химии,1921,44
Фредерик Жолио-Кюри,Нобелевская премия по химии,1935,35
Кристиан Бемер Анфинсен,Нобелевская премия по химии,1972,56
Коити Танака,Нобелевская премия по химии,2002,43
Аарон Клуг,Нобелевская премия по химии,1982,56
Акира Судзуки,Нобелевская премия по химии,2010,80
Алексей Иванович Екимов,Нобелевская премия по химии,2023,78
Роджер Корнберг,Нобелевская премия по химии,2006,59
Барри Шарплесс,Нобелевская премия по химии,2001,60
Барри Шарплесс,Нобелевская премия по химии,2022,81
Мартин Чалфи,Нобелевская премия по химии,2008,61
Роджер Тсиен,Нобелевская премия по химии,2008,56
Алан Макдиармид,Нобелевская премия по химии,2000,73
Роберт Кёрл,Нобелевская премия по химии,1996,63
Уильям Нанн Липскомб,Нобелевская премия по химии,1976,57
Анри Муассан,Нобелевская премия по химии,1906,54
Якоб Вант-Гофф,Нобелевская премия по химии,1901,49
Уэнделл Мередит Стэнли,Нобелевская премия по химии,1946,42
Эйити Негиси,Нобелевская премия по химии,2010,75
Ричард Хендерсон,Нобелевская премия по химии,2017,72
"Пригожин, Илья Романович",Нобелевская премия по химии,1977,60
Гарольд Клейтон Юри,Нобелевская премия по химии,1934,41
Джон Хауард Нортроп,Нобелевская премия по химии,1946,55
Хидэки Сиракава,Нобелевская премия по химии,2000,64
Джордж Ола,Нобелевская премия по химии,1994,67
Пол Берг,Нобелевская премия по химии,1980,54
Дерек Бартон,Нобелевская премия по химии,1969,51
Ричард Хек,Нобелевская премия по химии,2010,79
Беньямин Лист,Нобелевская премия по химии,2021,53
Питер Эгр,Нобелевская премия по химии,2003,54
Ирвинг Ленгмюр,Нобелевская премия по химии,1932,51
Джером Карле,Нобелевская премия по химии,1985,67
Джон Беннетт Фенн,Нобелевская премия по химии,2002,85
Джон Кларк,Нобелевская премия по физике,2025,83
Вильгельм Фридрих Оствальд,Нобелевская премия по химии,1909,56
Грег Уинтер,Нобелевская премия по химии,2018,67
Ахмед Зевейл,Нобелевская премия по химии,1999,53
Марио Молина,Нобелевская премия по химии,1995,52
Уиллард Франк Либби,Нобелевская премия по химии,1960,52
Эдвин Маттисон Макмиллан,Нобелевская премия по химии,1951,44
Артур Гарден,Нобелевская премия по химии,1929,64
Уильям Говард Стайн,Нобелевская премия по химии,1972,61
Херберт Аарон Хауптман,Нобелевская премия по химии,1985,68
Шервуд Роуленд,Нобелевская премия по химии,1995,68
Осаму Симомура,Нобелевская премия по химии,2008,80
Рихард Эрнст,Нобелевская премия по химии,1991,58
Сидни Олтмен,Нобелевская премия по химии,1989,50
Виктор Гриньяр,Нобелевская премия по химии,1912,41
Поль Сабатье,Нобелевская премия по химии,1912,58
Кофи Аннан,Нобелевская премия мира,2001,63
Корделл Халл,Нобелевская премия мира,1945,74
Роберт Сесил,Нобелевская премия мира,1937,73
Ральф Банч,Нобелевская премия мира,1950,46
Альфонсо Гарсия Роблес,Нобелевская премия мира,1982,71
Алесь Викторович Беляцкий,Нобелевская премия мира,2022,60
Ицхак Рабин,Нобелевская премия мира,1994,72
Фрэнк Биллингс Келлог,Нобелевская премия мира,1929,73
Луи Рено,Нобелевская премия мира,1907,64
Дмитрий Андреевич Муратов,Нобелевская премия мира,2021,60
Джейн Аддамс,Нобелевская премия мира,1931,71
Огюст Беернарт,Нобелевская премия мира,1909,80
Эйсаку Сато,Нобелевская премия мира,1974,73
Густав Штреземан,Нобелевская премия мира,1926,48
Эмили Грин Болч,Нобелевская премия мира,1946,79
Элиу Рут,Нобелевская премия мира,1912,67
Фредерик Виллем де Клерк,Нобелевская премия мира,1993,57
Леон Жуо,Нобелевская премия мира,1951,72
Рене Кассен,Нобелевская премия мира,1968,81
Шарль Альбер Гоба,Нобелевская премия мира,1902,59
Менахем Бегин,Нобелевская премия мира,1978,65
Карлос Сааведра Ламас,Нобелевская премия мира,1936,58
Адольфо Перес Эскивель,Нобелевская премия мира,1980,49
Далай-лама XIV,Нобелевская премия мира,1989,54
Джордж Маршалл,Нобелевская премия мира,1953,73
Дэвид Тримбл,Нобелевская премия мира,1998,54
Анри Дюнан,Нобелевская премия мира,1901,73
Клас Понтус Арнольдсон,Нобелевская премия мира,1908,64
Джон Бойд Орр,Нобелевская премия мира,1949,69
Джимми Картер,Нобелевская премия мира,2002,78
Норман Энджелл,Нобелевская премия мира,1933,61
Поль Анри Бенжамен д’ Этурнель де Констан,Нобелевская премия мира,1909,57
Карлуш Белу,Нобелевская премия мира,1996,48
Ле Дык Тхо,Нобелевская премия мира,1973,62
Эли Дюкоммен,Нобелевская премия мира,1902,69
Вилли Брандт,Нобелевская премия мира,1971,58
Джозеф Ротблат,Нобелевская премия мира,1995,87
Теодор Рузвельт,Нобелевская премия мира,1906,48
Эли Визель,Нобелевская премия мира,1986,58
Бетти Уильямс,Нобелевская премия мира,1976,33
Филип Ноэль-Бейкер,Нобелевская премия мира,1959,70
Николас Мюррэй Батлер,Нобелевская премия мира,1931,69
Ширин Эбади,Нобелевская премия мира,2003,56
Тобиас Ассер,Нобелевская премия мира,1911,73
Даг Хаммаршёльд,Нобелевская премия мира,1961,56
Берта фон Зутнер,Нобелевская премия мира,1905,62
Мохаммед эль-Барадеи,Нобелевская премия мира,2005,63
Надия Мурад,Нобелевская премия мира,2018,25
Аристид Бриан,Нобелевская премия мира,1926,64
Чарлз Гейтс Дауэс,Нобелевская премия мира,1925,60
Ясир Арафат,Нобелевская премия мира,1994,65
Леон Буржуа,Нобелевская премия мира,1920,69
Лестер Пирсон,Нобелевская премия мира,1957,60
Джозеф Остин Чемберлен,Нобелевская премия мира,1925,62
Альберт Гор,Нобелевская премия мира,2007,59
Фредрик Байер,Нобелевская премия мира,1908,71
Ригоберта Менчу,Нобелевская премия мира,1992,33
Фердинанд Эдуард Бюиссон,Нобелевская премия мира,1927,86
Джоди Уильямс,Нобелевская премия мира,1997,47
Малала Юсуфзай,Нобелевская премия мира,2014,17
Джон Хьюм,Нобелевская премия мира,1998,61
Жорж Пир,Нобелевская премия мира,1958,48
Норман Эрнест Борлоуг,Нобелевская премия мира,1970,56
Мейрид Корриган,Нобелевская премия мира,1976,32
Альберт Лутули,Нобелевская премия мира,1960,62
Эрнесто Теодоро Монета,Нобелевская премия мира,1907,74
Уильям Рандал Кример,Нобелевская премия мира,1903,75
Мартти Ахтисаари,Нобелевская премия мира,2008,71
Шон Макбрайд,Нобелевская премия мира,1974,70
Кристиан Лоус Ланге,Нобелевская премия мира,1921,52
Жозе Рамуш-Орта,Нобелевская премия мира,1996,47
Фредерик Пасси,Нобелевская премия мира,1901,79
Михаил Сергеевич Горбачёв,Нобелевская премия мира,1990,59
Лейма Гбови,Нобелевская премия мира,2011,39
Джон Рэлей Мотт,Нобелевская премия мира,1946,81
Альва Мюрдаль,Нобелевская премия мира,1982,80
Натан Сёдерблюм,Нобелевская премия мира,1930,64
Тавакуль Карман,Нобелевская премия мира,2011,32
Анри Лафонтен,Нобелевская премия мира,1913,59
Артур Хендерсон,Нобелевская премия мира,1934,71
Денис Муквеге,Нобелевская премия мира,2018,63
Вудро Вильсон,Нобелевская премия мира,1919,63
мать Тереза,Нобелевская премия мира,1979,69
Симон ван дер Мер,Нобелевская премия по физике,1984,59
Джорджо Паризи,Нобелевская премия по физике,2021,73
Рабиндранат Тагор,Нобелевская премия по литературе,1913,52
Грация Деледда,Нобелевская премия по литературе,1926,55
Франсуа Мориак,Нобелевская премия по литературе,1952,67
Артур Холли Комптон,Нобелевская премия по физике,1927,35
Бьёрнстьерне Бьёрнсон,Нобелевская премия по литературе,1903,71
Иван Алексеевич Бунин,Нобелевская премия по литературе,1933,63
Фрэнк Вилчек,Нобелевская премия по физике,2004,53
Эудженио Монтале,Нобелевская премия по литературе,1975,79
Оге Нильс Бор,Нобелевская премия по физике,1975,53
Тумас Транстрёмер,Нобелевская премия по литературе,2011,80
Дидье Кело,Нобелевская премия по физике,2019,53
Исаак Башевис Зингер,Нобелевская премия по литературе,1978,74
Мигель Анхель Астуриас,Нобелевская премия по литературе,1967,68
Константин Сергеевич Новосёлов,Нобелевская премия по физике,2010,36
Сельма Лагерлёф,Нобелевская премия по литературе,1909,51
Ясунари Кавабата,Нобелевская премия по литературе,1968,69
Джон Мазер,Нобелевская премия по физике,2006,60
Дорис Лессинг,Нобелевская премия по литературе,2007,88
Клаус Хассельман,Нобелевская премия по физике,2021,90
Джон Голсуорси,Нобелевская премия по литературе,1932,65
Борис Леонидович Пастернак,Нобелевская премия по литературе,1958,68
Иво Андрич,Нобелевская премия по литературе,1961,69
Чеслав Милош,Нобелевская премия по литературе,1980,69
Андрей Константинович Гейм,Нобелевская премия по физике,2010,52
Воле Шойинка,Нобелевская премия по литературе,1986,52
Генрик Сенкевич,Нобелевская премия по литературе,1905,59
Роберт Хофштадтер,Нобелевская премия по физике,1961,46
Пауль Хейзе,Нобелевская премия по литературе,1910,80
Имре Кертес,Нобелевская премия по литературе,2002,73
Сюлли-Прюдом,Нобелевская премия по литературе,1901,62
Хасинто Бенавенте-и-Мартинес,Нобелевская премия по литературе,1922,56
Жан-Мари Гюстав Леклезио,Нобелевская премия по литературе,2008,68
Петер Хандке,Нобелевская премия по литературе,2019,77
Джозуэ Кардуччи,Нобелевская премия по литературе,1906,71
Адам Рисс,Нобелевская премия по физике,2011,42
